City_ID,City,Humidity,Cloudiness,Country,Date,Lat,Lng,Max Temp,Wind
0,Blackmans Bay,61,100,AU,1690169446,-43.0167,147.3167,288.0,4.28
1,Puerto Natales,92,76,CL,1690169537,-51.7236,-72.4875,268.0,1.46
2,Papatowai,90,94,NZ,1690169587,-46.5619,169.4708,282.41,0.6
3,Hermanus,68,53,ZA,1690169587,-34.4187,19.2345,283.72,2.99
4,Yeniseysk,56,7,RU,1690169587,58.4497,92.1703,298.92,1.5
5,Wailua Homesteads,86,40,US,1690169587,22.0669,-159.378,301.39,7.72
6,Avarua,78,20,CK,1690169460,-21.2078,-159.775,299.18,7.72
7,Adamstown,70,100,PN,1690169588,-25.066,-130.1015,293.75,7.28
8,Edinburgh of the Seven Seas,77,72,SH,1690169586,-37.0676,-12.3116,286.64,11.49
9,Tongliao,50,23,CN,1690169645,43.6125,122.2653,301.03,4.36
10,San Luis de la Loma,79,53,MX,1690169645,17.2706,-100.8939,300.34,2.11
11,Mizdah,22,0,LY,1690169646,31.4451,12.9801,299.35,1.69
12,Anadyr,87,100,RU,1690169646,64.75,177.4833,286.43,8.0
13,Port Alfred,79,19,ZA,1690169646,-33.5906,26.891,283.81,2.24
14,Albany,80,16,US,1690169646,42.6001,-73.9662,294.58,1.59
15,Ilulissat,93,100,GL,1690169647,69.2167,-51.1,280.16,0.0
16,Vorgashor,93,96,RU,1690169647,67.5833,63.95,287.73,2.96
17,Zapala,95,100,AR,1690169647,-38.8992,-70.0544,273.33,5.71
18,Qaqortoq,89,28,GL,1690169648,60.7167,-46.0333,281.61,0.87
19,Margaret River,58,24,AU,1690169648,-33.95,115.0667,290.85,9.05
20,Bikenibeu Village,66,75,KI,1690169648,1.3673,173.1241,305.13,4.63
21,Bethel,77,11,US,1690169649,41.3712,-73.414,297.4,1.16
22,Bilibino,66,100,RU,1690169649,68.0546,166.4372,289.4,0.96
23,Shimoda,70,2,JP,1690169649,34.6667,138.95,305.99,3.6
24,Lebu,86,66,CL,1690169547,-37.6167,-73.65,281.53,3.16
25,Hawaiian Paradise Park,89,100,US,1690169650,19.5933,-154.9731,299.88,4.12
26,Korsakov,100,100,RU,1690169650,46.6328,142.7813,292.06,3.1
27,Port-aux-Français,95,100,TF,1690169650,-49.35,70.2167,279.08,17.02
28,Mahina,78,40,PF,1690169651,-17.5065,-149.489,299.02,5.66
29,Yeppoon,90,100,AU,1690169651,-23.1333,150.7333,285.03,5.87
30,Belmonte,82,45,BR,1690169651,-15.8631,-38.8828,295.82,3.81
31,Kingston,72,20,JM,1690169571,17.997,-76.7936,302.68,6.69
32,Waitangi,96,99,NZ,1690169652,-43.9535,-176.5597,285.27,0.45
33,Udachny,52,99,RU,1690169652,66.4167,112.4,295.07,7.34
34,Saint-Pierre,78,0,RE,1690169563,-21.3393,55.4781,294.97,2.57
35,Afaahiti,81,94,PF,1690169652,-17.75,-149.2833,298.08,4.02
36,Tiksi,62,72,RU,1690169652,71.6872,128.8694,283.1,2.37
37,Hotan,24,89,CN,1690169653,37.0997,79.9269,303.76,5.63
38,Riberalta,54,0,BO,1690169653,-10.9833,-66.1,296.27,1.25
39,Cologne,85,0,DE,1690169653,50.9333,6.95,292.02,3.09
40,Rémire-Montjoly,94,0,GF,1690169654,4.9167,-52.2667,298.17,0.0
41,Mahon,100,0,ES,1690169654,39.8885,4.2658,298.46,2.06
42,Whitehorse,94,100,CA,1690169654,60.7161,-135.0538,287.58,7.2
43,Luganville,86,97,VU,1690169654,-15.5333,167.1667,297.4,4.48
44,Tweed Heads,55,40,AU,1690169655,-28.1817,153.547,293.26,7.72
45,Invercargill,85,85,NZ,1690169655,-46.4,168.35,283.17,0.24
46,Al Jawf,33,0,SA,1690169655,29.5,38.75,300.89,3.48
47,Lüshunkou,74,0,CN,1690169656,38.8,121.2667,302.27,3.04
48,Balsas,44,5,BR,1690169526,-7.5325,-46.0356,294.75,1.18
49,Grytviken,81,36,GS,1690169656,-54.2811,-36.5092,267.38,2.9
50,Bay Roberts,98,100,CA,1690169657,47.5999,-53.2648,295.01,4.12
51,Lospalos,63,95,TL,1690169657,-8.5186,127.0025,295.95,6.2
52,Puerto Ayora,85,18,EC,1690169657,-0.7393,-90.3518,297.83,3.25
53,Santana,94,20,BR,1690169657,-0.0583,-51.1817,300.25,2.06
54,Bāfq,12,14,IR,1690169658,31.6128,55.4107,306.31,1.96
55,Polyarny,94,100,RU,1690169658,69.1989,33.4478,282.7,5.07
56,Saint-Yrieix-sur-Charente,86,100,FR,1690169658,45.6833,0.1167,292.77,2.06
57,Klyuchi,30,65,RU,1690169658,52.2667,79.1667,299.98,3.22
58,Tazovsky,73,1,RU,1690169659,67.4667,78.7,291.43,1.82
59,Prince George,56,0,CA,1690169659,53.9166,-122.753,292.94,2.06
60,Madingou,84,37,CG,1690169660,-4.1536,13.55,294.11,2.02
61,Richards Bay,85,99,ZA,1690169660,-28.783,32.0377,291.55,7.42
62,Kumul,10,72,CN,1690169660,42.8,93.45,308.82,3.02
63,Nova Sintra,75,82,CV,1690169660,14.8667,-24.7167,296.56,3.77
64,Nicoya,92,100,CR,1690169661,10.1483,-85.452,297.85,0.44
65,Kourou,91,22,GF,1690169597,5.1552,-52.6478,298.18,3.18
66,Yemetsk,96,99,RU,1690169661,63.4721,41.7941,286.17,3.07
67,Palmer,78,0,US,1690169452,42.1584,-72.3287,294.63,0.0
68,Susuman,48,54,RU,1690169662,62.7833,148.1667,289.92,2.16
69,Porto-Novo,95,99,BJ,1690169662,6.4965,2.6036,297.05,2.29
70,Stanley,92,75,GB,1690169662,54.868,-1.6985,283.09,4.53
71,Barra de Santo Antônio,84,20,BR,1690169662,-9.4047,-35.5072,294.75,4.13
72,Port Lincoln,70,100,AU,1690169663,-34.7333,135.8667,286.93,1.89
73,Tadine,49,72,NC,1690169663,-21.55,167.8833,294.12,2.15
74,Christchurch,89,100,NZ,1690169405,-43.5333,172.6333,284.44,6.17
75,Naryan-Mar,75,100,RU,1690169663,67.6713,53.087,290.8,2.97
76,Mena,73,64,UA,1690169664,51.5217,32.2157,287.95,3.2
77,Cabo San Lucas,75,51,MX,1690169664,22.8909,-109.9124,303.74,4.41
78,Ursulo Galván,79,55,MX,1690169664,22.7333,-98.3,302.7,1.86
79,Raduzhny,39,54,RU,1690169666,62.0961,77.475,298.93,0.79
80,Ribeira Grande,85,30,PT,1690169666,38.5167,-28.7,294.14,0.45
81,New Norfolk,63,100,AU,1690169666,-42.7826,147.0587,288.66,4.49
82,Irauçuba,78,57,BR,1690169667,-3.7461,-39.7833,295.81,2.09
83,Jamestown,81,0,US,1690169667,42.097,-79.2353,292.95,0.45
84,Murghab,43,5,TJ,1690169667,38.1702,73.9667,287.1,0.93
85,Enewetak,73,75,MH,1690169667,11.3474,162.3373,301.88,7.88
86,Atafu Village,75,12,TK,1690169668,-8.5421,-172.5159,302.01,7.01
87,Ushuaia,80,0,AR,1690169522,-54.8,-68.3,270.96,4.12
88,Dokshytsy,95,100,BY,1690169668,54.8924,27.7689,286.57,2.3
89,Olonkinbyen,94,100,SJ,1690169668,70.9221,-8.7187,277.68,5.39
90,East London,71,0,ZA,1690169416,-33.0153,27.9116,285.67,6.69
91,Salekhard,56,16,RU,1690169669,66.53,66.6019,294.59,2.86
92,Onguday,48,96,RU,1690169669,50.75,86.15,294.02,1.68
93,Enoch,18,0,US,1690169459,37.7733,-113.0244,304.29,6.69
94,Ixtapa,89,100,MX,1690169670,20.7,-105.2,299.94,2.19
95,Port Elizabeth,76,0,ZA,1690169670,-33.918,25.5701,284.31,6.17
96,Kristiansund,87,100,NO,1690169671,63.1115,7.732,285.51,3.09
97,Killarney,96,74,IE,1690169671,52.05,-9.5167,285.0,1.66
98,Woolgoolga,59,52,AU,1690169671,-30.1106,153.2007,292.08,8.23
99,Dakhla,89,75,EH,1690169671,23.6848,-15.958,293.01,9.76
100,Baní,83,97,DO,1690169672,18.2833,-70.3333,299.18,3.71
101,Hamilton,83,75,US,1690169635,39.1834,-84.5333,294.62,2.57
102,Newman,10,44,US,1690169672,37.3138,-121.0208,307.28,3.93
103,Bandiagara,57,97,ML,1690169672,14.3501,-3.6104,301.84,2.15
104,Island Harbour,93,94,GB,1690169673,50.724,-1.2758,289.25,4.57
105,Taltal,84,21,CL,1690169530,-25.4,-70.4833,288.38,2.12
106,Isafjordur,87,100,IS,1690169673,66.0755,-23.124,283.87,1.51
107,Gizo Government Station,82,98,SB,1690169673,-8.103,156.8419,299.89,7.5
108,Gornopravdinsk,86,100,RU,1690169673,60.05,69.9,291.73,1.98
109,Trujillo,88,19,PE,1690169468,-8.116,-79.03,294.13,3.09
110,Tomatlán,92,100,MX,1690169674,19.9333,-105.25,298.78,1.53
111,Montgomery,81,0,US,1690169432,39.1501,-77.1997,298.53,3.09
112,Kavieng,75,68,PG,1690169675,-2.5744,150.7967,301.69,6.26
113,Zouérat,38,88,MR,1690169675,22.7187,-12.4521,299.65,4.73
114,Valparaíso,87,0,CL,1690169519,-33.0393,-71.6273,283.95,1.54
115,Arraial do Cabo,88,0,BR,1690169676,-22.9661,-42.0278,294.07,3.6
116,Alice Springs,44,1,AU,1690169676,-23.7,133.8833,286.9,9.26
117,Iskateley,75,100,RU,1690169676,67.6803,53.1512,290.82,2.98
118,College,47,20,US,1690169676,64.8569,-147.8028,304.14,2.57
119,Saipan,100,75,MP,1690169677,15.1355,145.701,303.54,6.69
120,Thompson,67,20,CA,1690169677,55.7435,-97.8558,288.24,0.0
121,Undurkhaan,45,94,MN,1690169677,47.3194,110.6556,295.75,3.85
122,Naze,80,64,JP,1690169677,28.3667,129.4833,302.66,4.67
123,Cururupu,92,6,BR,1690169678,-1.8283,-44.8683,296.52,0.85
124,Iqaluit,86,40,CA,1690169678,63.7506,-68.5145,278.0,3.09
125,Toliara,88,3,MG,1690169678,-23.35,43.6667,290.41,2.18
126,Mount Isa,25,0,AU,1690169678,-20.7333,139.5,290.02,8.75
127,Zuni Pueblo,54,62,US,1690169678,35.0725,-108.8506,300.5,1.02
128,Yellowknife,49,100,CA,1690169630,62.456,-114.3525,293.44,0.0
129,Kāzerūn,13,58,IR,1690169679,29.6195,51.6541,307.5,2.07
130,La Passe,90,97,FR,1690169679,45.5549,-0.8967,293.28,5.2
131,Lompoc,94,100,US,1690169669,34.6391,-120.4579,296.23,2.57
132,Alofi,65,40,NU,1690169680,-19.0595,-169.9187,299.09,4.63
133,Petropavlovsk-Kamchatskiy,41,20,RU,1690169442,53.0452,158.6483,297.48,7.0
134,Novyy Urgal,92,100,RU,1690169680,51.0736,132.5642,292.0,1.86
135,Kununurra,26,6,AU,1690169554,-15.7667,128.7333,295.14,6.69
136,Revda,61,7,RU,1690169443,56.801,59.9303,291.87,3.06
137,Utrik,75,92,MH,1690169681,11.2278,169.8474,301.86,7.8
138,Tralee,93,96,IE,1690169681,52.2704,-9.7026,285.8,2.15
139,Haiku-Pauwela,71,20,US,1690169600,20.9219,-156.3051,301.21,10.29
140,Sandnessjøen,94,75,NO,1690169681,66.0217,12.6316,285.21,1.03
141,Wakkanai,97,75,JP,1690169682,45.4094,141.6739,295.42,9.26
142,Prince Rupert,83,75,CA,1690169682,54.3161,-130.3201,289.98,2.57
143,Tambura,93,86,SS,1690169682,5.6,27.4667,293.58,0.55
144,Quellón,100,100,CL,1690169537,-43.1167,-73.6167,275.29,0.51
145,Puerto Colombia,86,100,CO,1690169682,10.9878,-74.9547,301.2,9.2
146,Al Qubbah,40,0,LY,1690169683,32.7616,22.2424,300.3,6.47
147,Happy Valley-Goose Bay,88,40,CA,1690169683,53.3168,-60.3315,292.32,2.06
148,Great Falls,23,0,US,1690169683,47.5002,-111.3008,302.81,3.6
149,Ust-Nera,44,98,RU,1690169683,64.5667,143.2,292.55,1.87
150,Santa Cruz del Sur,90,0,CU,1690169684,20.7147,-77.9956,298.18,4.51
151,Cadiz,80,88,ES,1690169428,36.5,-5.75,294.89,1.36
152,Tazacorte,80,0,ES,1690169684,28.629,-17.9293,295.69,7.2
153,Palangkaraya,53,70,ID,1690169684,-2.2,113.8333,305.17,1.81
154,Santiago de Cuba,70,20,CU,1690169621,20.0247,-75.8219,302.21,1.54
155,Tsiombe,95,0,MG,1690169685,-25.3,45.4833,289.61,2.6
156,Koné,51,82,NC,1690169685,-21.0595,164.8658,294.46,1.88
157,Amga,36,54,RU,1690169685,60.8953,131.9608,302.36,1.44
158,West Island,83,75,CC,1690169686,-12.1568,96.8225,299.14,7.72
159,Itoman,62,75,JP,1690169686,26.1247,127.6694,307.16,5.66
160,Vitry-le-François,82,99,FR,1690169686,48.7333,4.5833,293.38,3.89
161,Santo Antônio do Içá,73,100,BR,1690169686,-3.1022,-67.9397,299.13,1.01
162,Badger,50,0,US,1690169668,64.8,-147.5333,304.1,2.57
163,Crane,23,52,US,1690169687,31.3974,-102.3501,306.32,4.75
164,Fortaleza,78,0,BR,1690169687,-3.7227,-38.5247,300.22,5.14
165,Pacific Grove,86,0,US,1690169687,36.6177,-121.9166,289.95,2.57
166,Flying Fish Cove,78,75,CX,1690169449,-10.4217,105.6791,298.97,6.69
167,Elverum,93,100,NO,1690169688,60.8819,11.5623,283.6,1.45
168,Bredasdorp,56,98,ZA,1690169689,-34.5322,20.0403,283.71,3.15
169,Nanning,63,89,CN,1690169689,22.8167,108.3167,305.4,2.09
170,Labrador City,94,40,CA,1690169409,52.9463,-66.9114,289.1,2.57
171,Meadow Lakes,61,0,US,1690169690,61.6247,-149.6011,297.84,2.57
172,Sobhodero,67,100,PK,1690169690,27.3046,68.3976,305.08,3.57
173,Tostado,46,100,AR,1690169690,-29.232,-61.7692,288.76,5.68
174,Micheweni,86,35,TZ,1690169691,-4.9667,39.8333,296.63,4.81
175,Longyearbyen,76,40,SJ,1690169691,78.2186,15.6401,283.06,3.6
176,Brookings,88,1,US,1690169691,44.3114,-96.7984,296.51,3.45
177,Outjo,42,5,NA,1690169691,-20.1167,16.15,287.21,1.97
178,Progreso,86,13,MX,1690169691,21.2833,-89.6667,302.65,4.93
179,Keflavik,100,75,IS,1690169692,64.0049,-22.5624,283.39,2.06
180,Cadale,79,63,SO,1690169692,2.7603,46.3222,298.38,8.33
181,Jilma,17,0,TN,1690169692,35.2731,9.4239,303.87,2.34
182,Mt. Pleasant,98,75,US,1690169692,32.7941,-79.8626,297.58,1.34
183,Vorkuta,93,99,RU,1690169693,67.5,64.0,287.65,2.88
184,San Martín,46,4,AR,1690169693,-33.081,-68.4681,281.45,4.97
185,Tamanghasset,16,0,DZ,1690169693,22.785,5.5228,300.1,3.6
186,Taroa,80,54,MH,1690169693,8.7058,171.2275,301.09,8.66
187,Dudinka,62,100,RU,1690169694,69.4058,86.1778,291.83,3.91
188,Inarajan Village,86,100,GU,1690169694,13.2736,144.7484,304.23,6.98
189,Bandarbeyla,60,100,SO,1690169694,9.4942,50.8122,299.81,12.1
190,Nemuro,92,98,JP,1690169694,43.3236,145.575,291.02,6.17
191,San Jerónimo de Juárez,83,59,MX,1690169695,17.1333,-100.4667,299.93,2.33
192,Chonchi,90,100,CL,1690169695,-42.6128,-73.8092,275.99,1.88
193,Egilsstadir,93,100,IS,1690169695,65.2653,-14.3948,281.1,2.06
194,Mugia,72,99,ES,1690169695,43.1041,-9.2179,290.32,3.33
195,Lihue,83,40,US,1690169696,21.9789,-159.3672,301.73,7.72
196,George Town,74,20,MY,1690169696,5.4112,100.3354,304.12,3.6
197,Ocampo,76,100,MX,1690169696,21.65,-101.5,288.6,6.5
198,Sur,73,100,OM,1690169696,22.5667,59.5289,301.68,3.29
199,Vila do Maio,76,80,CV,1690169697,15.1333,-23.2167,298.59,3.92
200,Acaraú,83,8,BR,1690169683,-2.8856,-40.12,298.11,5.54
201,Nadym,53,10,RU,1690169697,65.5333,72.5167,296.57,1.39
202,Guerrero Negro,85,60,MX,1690169697,27.9769,-114.0611,293.04,6.8
203,Coquimbo,87,0,CL,1690169698,-29.9533,-71.3436,286.0,2.06
204,Skhirate,91,98,MA,1690169698,33.8498,-7.0404,295.34,1.34
205,Vila Velha,98,40,BR,1690169698,-20.3297,-40.2925,292.56,1.03
206,Maceió,100,75,BR,1690169698,-9.6658,-35.7353,294.84,2.06
207,Bełchatów,52,86,PL,1690169698,51.3688,19.3567,292.62,2.84
208,Karasburg,71,100,NA,1690169699,-28.0167,18.75,279.54,3.81
209,Tura,81,97,IN,1690169699,25.5198,90.2201,301.49,2.0
210,Vondrozo,94,1,MG,1690169699,-22.8167,47.2833,287.97,1.09
211,El Calafate,76,77,AR,1690169699,-50.3408,-72.2768,266.47,0.95
212,Dampit,50,41,ID,1690169699,-8.2116,112.7493,302.1,2.06
213,Mata-Utu,73,29,WF,1690169700,-13.2816,-176.1745,300.42,7.84
214,Port Augusta,52,4,AU,1690169489,-32.5,137.7667,288.79,5.76
215,La Ronge,52,75,CA,1690169700,55.1001,-105.2842,293.29,2.57
216,Portland,51,20,US,1690169498,45.5234,-122.6762,300.12,4.12
217,Esim,88,100,GH,1690169701,4.8699,-2.2405,297.51,2.06
218,Uturoa,76,66,PF,1690169701,-16.7333,-151.4333,299.2,4.21
219,Ancud,85,100,CL,1690169559,-41.8697,-73.8203,277.19,3.34
220,Perevolotskiy,57,100,RU,1690169702,51.8763,54.1938,292.18,0.69
221,San Patricio,60,100,US,1690169702,28.017,-97.5169,304.07,3.22
222,Khadan Khak,48,67,PK,1690169702,30.7477,67.7085,298.85,3.44
223,Machico,78,20,PT,1690169703,32.7,-16.7667,294.82,1.54
224,Sabha,23,7,LY,1690169703,27.0377,14.4283,301.53,4.71
225,Barabinsk,59,84,RU,1690169704,55.3571,78.357,295.26,2.07
226,Ḩukūmatī Azrah,67,94,AF,1690169704,34.1736,69.6457,293.25,0.92
227,Saint Paul Harbor,63,0,US,1690169704,57.79,-152.4072,290.88,3.6
228,Åkrehamn,94,100,NO,1690169704,59.2667,5.1833,287.29,1.54
229,Talara,81,1,PE,1690169705,-4.5772,-81.2719,295.14,8.0
230,Angoche,83,1,MZ,1690169705,-16.2325,39.9086,293.34,3.08
231,Walvis Bay,93,8,NA,1690169705,-22.9575,14.5053,284.87,3.6
232,Constanța,65,0,RO,1690169575,44.1833,28.65,289.65,2.62
233,Mörön,44,8,MN,1690169706,49.6342,100.1625,294.12,2.23
234,Mount Pearl,94,75,CA,1690169702,47.5166,-52.7813,294.34,6.17
235,Lorengau,72,99,PG,1690169706,-2.0226,147.2712,301.69,2.28
236,Dickinson,86,20,US,1690169707,29.4608,-95.0513,303.2,0.0
237,Fale old settlement,76,12,TK,1690169707,-9.3852,-171.2468,301.76,6.36
238,Fuling,81,100,CN,1690169707,29.7022,107.3919,302.54,0.19
239,Saldanha,79,1,ZA,1690169707,-33.0117,17.9442,277.18,3.49
240,Fort Bragg,97,100,US,1690169708,35.139,-79.006,297.15,0.45
241,North Bend,77,0,US,1690169582,43.4065,-124.2243,291.1,3.6
242,Northam,96,98,GB,1690169709,51.0333,-4.2167,289.63,1.72
243,Leava,74,53,WF,1690169709,-14.3,-178.1667,299.93,7.02
244,Fuchūchō,51,13,JP,1690169709,34.5667,133.2333,306.21,2.69
245,Mogador,92,1,MA,1690169709,31.5125,-9.77,293.87,3.6
246,Chibougamau,77,75,CA,1690169710,49.9168,-74.3659,288.94,1.34
247,Jingdezhen,59,0,CN,1690169634,29.2947,117.2079,306.51,1.77
248,Dryden,59,0,CA,1690169710,49.7833,-92.7503,290.31,2.57
249,Kimberley,69,0,ZA,1690169711,-28.7323,24.7623,272.98,1.03
250,Shira,61,100,RU,1690169711,54.4911,89.9531,291.61,1.1
251,Kupang,57,40,ID,1690169711,-10.1667,123.5833,301.47,11.32
252,La Resolana,98,98,MX,1690169712,19.6,-104.4333,297.12,0.85
253,Fernie,39,0,CA,1690169712,49.5,-115.0687,301.2,0.85
254,Mazagão,87,14,BR,1690169713,-0.115,-51.2894,300.18,1.58
255,West Bay,80,20,KY,1690169713,19.3667,-81.4167,303.19,3.09
256,Miyako,65,98,JP,1690169713,39.6367,141.9525,301.21,2.95
257,Bamyan,34,23,AF,1690169713,34.75,67.25,291.95,0.1
258,Upata,91,57,VE,1690169714,8.0086,-62.3989,297.7,1.52
259,Luwuk,69,98,ID,1690169714,-0.9516,122.7875,301.17,4.19
260,Tucumã,87,2,BR,1690169714,-0.1833,-50.05,298.04,1.97
261,Port Moresby,54,75,PG,1690169485,-9.4431,147.1797,301.83,5.14
262,Ressano Garcia,54,49,MZ,1690169715,-25.442,31.9913,289.26,1.45
263,St. John's,94,75,CA,1690169715,47.5649,-52.7093,294.81,6.17
264,San Antonio de Palé,81,100,GQ,1690169715,-1.4014,5.6325,295.8,4.25
265,Cambria,91,42,US,1690169716,35.5641,-121.0808,301.56,0.45
266,Tôlanaro,88,0,MG,1690169716,-25.0319,46.9987,289.19,0.0
267,Yuzhno-Kurilsk,95,100,RU,1690169716,44.0306,145.8556,290.54,0.91
268,Aginskoye,45,63,RU,1690169716,51.1,114.53,297.45,2.09
269,Kalevala,96,100,RU,1690169717,65.2,31.1667,282.42,2.85
270,Kita,94,31,ML,1690169717,13.0349,-9.4895,295.39,0.74
271,São Bernardo,95,82,BR,1690169718,-3.3614,-42.4178,295.7,1.32
272,Sitka,82,75,US,1690169718,57.0531,-135.33,288.09,3.09
273,Kapaa,86,40,US,1690169718,22.0752,-159.319,302.14,7.72
274,Al Mindak,21,66,SA,1690169718,20.1588,41.2834,295.93,1.0
275,Daru,65,57,PG,1690169718,-9.0763,143.2092,298.99,3.83
276,Hasaki,69,63,JP,1690169719,35.7333,140.8333,310.53,5.35
277,Krasnoarmeyskoye,70,85,RU,1690169719,52.7182,50.0322,293.23,2.33
278,Jokioinen,92,12,FI,1690169719,60.8016,23.48,284.43,1.29
279,Weno,78,99,FM,1690169719,7.4515,151.8468,301.14,4.71
280,Las Anod,68,90,SO,1690169720,8.4774,47.3597,295.79,13.36
281,Auriflama,47,1,BR,1690169720,-20.6856,-50.5547,292.18,2.92
282,Talnakh,68,99,RU,1690169720,69.4865,88.3972,291.6,0.9
283,Utiel,48,62,ES,1690169720,39.5667,-1.2,296.75,2.06
284,Dul'durga,41,69,RU,1690169721,50.6761,113.5931,297.98,2.2
285,Hollins,94,0,US,1690169721,37.3413,-79.9431,294.21,0.0
286,Geraldton,32,0,AU,1690169439,-28.7667,114.6,292.38,10.8
287,Machecoul,89,70,FR,1690169722,46.9936,-1.8235,290.29,4.42
288,Kismayo,79,89,SO,1690169722,-0.3582,42.5454,298.31,6.44
289,Kangaba,88,85,ML,1690169722,11.9333,-8.4167,296.41,1.5
290,Mana,88,52,GF,1690169722,5.6592,-53.7767,298.35,3.24
291,Kabompo,55,1,ZM,1690169722,-13.5927,24.2008,284.64,2.51
292,Talovaya,84,45,RU,1690169723,51.1144,40.73,290.05,1.9
293,Riversdale,84,26,JM,1690169723,18.1659,-76.9642,302.07,0.66
294,Portoferraio,82,73,IT,1690169723,42.8115,10.3146,299.35,9.47
295,Popondetta,58,67,PG,1690169723,-8.7537,148.2534,302.25,2.67
296,Callao,73,100,PE,1690169724,-12.0667,-77.15,294.66,4.63
297,Nguigmi,68,85,NE,1690169724,14.2495,13.1092,299.39,3.24
298,Aripuanã,47,5,BR,1690169724,-9.1667,-60.6333,294.32,0.54
299,La Sarre,96,96,CA,1690169534,48.8002,-79.1996,288.25,2.57
300,Basco,78,49,PH,1690169724,20.4487,121.9702,302.15,7.9
301,Kapuskasing,94,100,CA,1690169725,49.4169,-82.4331,288.2,3.09
302,Macao,74,20,MO,1690169725,22.2006,113.5461,306.96,2.57
303,Obo,87,60,CF,1690169725,5.3998,26.4869,293.35,0.19
304,Sauðarkrokur,96,100,IS,1690169725,65.7461,-19.6394,282.85,0.33
305,Rongelap,70,40,MH,1690169725,11.1635,166.8941,302.09,6.38
306,Pointe Michel,77,96,DM,1690169726,15.25,-61.3833,300.92,6.33
307,Tadotsu,69,9,JP,1690169726,34.275,133.75,306.34,2.52
308,Sooke,77,41,CA,1690169726,48.3746,-123.7276,296.14,16.46
309,Vadsø,93,75,NO,1690169726,70.0744,29.7487,281.64,6.17
310,Bathsheba,89,75,BB,1690169727,13.2167,-59.5167,300.49,5.14
311,Awjilah,31,0,LY,1690169727,29.1081,21.2869,302.47,3.47
312,Gospić,74,0,HR,1690169727,44.5461,15.3747,289.98,1.94
313,Gadzhiyevo,95,100,RU,1690169727,69.2551,33.3362,282.51,5.43
314,Livingston,87,20,GB,1690169455,55.9029,-3.5226,282.48,1.03
315,Shache,26,44,CN,1690169728,38.4167,77.2406,304.63,2.12
316,’Aïn el Bell,14,0,DZ,1690169728,34.3438,3.2247,297.74,1.01
317,Touros,86,11,BR,1690169728,-5.1989,-35.4608,296.1,6.07
318,Guilin,59,97,CN,1690169584,25.2819,110.2864,305.21,2.43
319,Ouidah,91,100,BJ,1690169728,6.3631,2.0851,297.07,3.26
320,Harper,83,99,LR,1690169728,4.375,-7.7169,298.08,3.29
321,Allāpalli,86,70,IN,1690169729,19.4167,80.0667,300.98,0.76
322,Banyo,93,100,CM,1690169729,6.75,11.8167,291.5,1.26
323,Waingapu,67,63,ID,1690169729,-9.6567,120.2641,299.87,8.15
324,Port Mathurin,73,26,MU,1690169729,-19.6833,63.4167,296.39,7.54
325,Basauri,78,100,ES,1690169729,43.2348,-2.8827,292.22,1.54
326,Fort St. John,45,75,CA,1690169730,56.2499,-120.8529,292.09,3.6
327,Nuku'alofa,61,20,TO,1690169730,-21.1333,-175.2,298.34,3.6
328,Sam Roi Yot,79,100,TH,1690169730,12.2708,99.872,303.14,3.2
329,Gamboula,98,89,CF,1690169730,4.1178,15.1393,292.73,0.83
330,Sydney Mines,97,100,CA,1690169730,46.2367,-60.2177,295.47,0.0
331,Conde,100,75,BR,1690169731,-7.2597,-34.9075,294.85,3.6
332,Khabary,46,11,RU,1690169731,53.6259,79.5345,298.37,2.56
333,Sisimiut,93,99,GL,1690169731,66.9395,-53.6735,279.14,2.03
334,Smithers,94,100,CA,1690169731,54.7804,-127.1743,286.33,1.54
335,Kulhudhuffushi,79,100,MV,1690169633,6.6221,73.07,301.46,6.41
336,Vila Franca do Campo,87,25,PT,1690169732,37.7167,-25.4333,294.38,2.59
337,Tamandaré,84,41,BR,1690169732,-8.7597,-35.1047,296.55,3.44
338,Bonawon,80,99,PH,1690169732,9.134,122.9193,299.04,7.74
339,Le Port,73,6,RE,1690169732,-20.9373,55.2919,295.15,3.87
340,Olonets,83,100,RU,1690169732,60.9847,32.9698,287.8,4.55
341,Uliastai,23,79,MN,1690169733,47.7417,96.8444,296.93,3.65
342,Kalmunai,59,100,LK,1690169733,7.4167,81.8167,303.04,2.87
343,Punta del Este,82,75,UY,1690169733,-34.9667,-54.95,285.21,4.63
344,Wick,93,100,GB,1690169733,58.4333,-3.0833,282.18,4.63
345,Ayoun El Atrous,49,18,MR,1690169734,16.6614,-9.6149,305.06,3.08
346,Bucerías,89,100,MX,1690169506,20.75,-105.3333,300.36,1.77
347,Qarqaraly,21,87,KZ,1690169734,49.4058,75.4742,301.51,6.06
348,Tual,77,94,ID,1690169734,-5.6667,132.75,298.19,11.32
349,Saynshand,35,0,MN,1690169735,44.8824,110.1163,300.04,2.7
350,Tanabe,78,20,JP,1690169735,33.7333,135.3667,301.71,5.66
351,Banjarmasin,52,98,ID,1690169735,-3.3244,114.591,304.23,1.73
352,Sault Ste. Marie,96,0,CA,1690169474,46.5168,-84.3333,291.46,1.03
353,Zhangye,12,36,CN,1690169735,38.9342,100.4517,306.42,1.7
354,Broome,82,64,US,1690169736,42.2506,-75.833,294.62,0.45
355,Teno,100,100,CL,1690169736,-34.8667,-71.1833,279.37,1.03
356,Namtsy,32,11,RU,1690169736,62.7161,129.6658,303.98,3.05
357,Tabou,83,97,CI,1690169736,4.423,-7.3528,298.0,3.39
358,Punta Arenas,84,8,CL,1690169736,-53.15,-70.9167,271.2,2.42
359,Pemba,94,20,MZ,1690169737,-12.974,40.5178,292.54,3.6
360,Ephraim,30,100,US,1690169737,39.3597,-111.5863,298.12,0.69
361,Mossamedes,71,74,AO,1690169737,-15.1961,12.1522,290.39,3.94
362,Kamaishi,67,100,JP,1690169737,39.2667,141.8833,300.99,3.43
363,Korla,22,97,CN,1690169737,41.7597,86.1469,306.0,0.31
364,Mahibadhoo,77,84,MV,1690169738,3.7833,72.9667,301.62,4.28
365,Murakami,56,100,JP,1690169738,38.2333,139.4833,305.09,2.39
366,Patacamaya,87,3,BO,1690169738,-17.2333,-67.9167,278.41,2.6
367,Montrose,24,81,US,1690169738,38.4166,-108.2673,298.82,2.33
368,Arteche,79,100,PH,1690169738,12.2645,125.4048,300.8,8.83
369,Gore,95,99,NZ,1690169739,-46.1028,168.9436,281.76,0.76
370,Kopāganj,46,99,IN,1690169739,26.0233,83.5658,308.24,4.04
371,Road Town,75,81,VG,1690169739,18.4167,-64.6167,301.2,8.53
372,Saiha,61,66,IN,1690169739,22.4833,92.9667,304.02,0.89
373,Samut Songkhram,77,100,TH,1690169739,13.4,99.9583,299.83,1.31
374,Santo Antônio,89,3,BR,1690169740,-6.3106,-35.4789,294.29,4.59
375,As Sulayyil,14,96,SA,1690169740,20.4607,45.5779,303.29,7.41
376,Charikar,46,44,AF,1690169740,35.0136,69.1714,299.96,1.55
377,Birobidzhan,99,100,RU,1690169740,48.8,132.95,292.42,3.29
378,Chul'man,50,100,RU,1690169740,56.8479,124.9104,297.96,0.78
379,Levokumskoye,69,85,RU,1690169740,44.8219,44.6606,297.39,4.28
380,Goz Beida,60,73,TD,1690169741,13.95,20.55,301.53,2.89
381,Puerto San José,83,100,GT,1690169741,13.9256,-90.8244,300.1,1.91
382,Kingsford,70,75,AU,1690169741,-33.924,151.2275,291.66,7.72
383,Zaragoza,53,0,ES,1690169681,41.6561,-0.8773,295.4,4.92
384,Kingscliff,55,40,AU,1690169741,-28.2667,153.5667,292.04,7.72
385,Mont-roig,71,22,ES,1690169742,41.75,1.1833,295.58,1.76
386,Amargosa,99,37,BR,1690169709,-13.0303,-39.6047,290.12,1.63
387,Cidreira,92,33,BR,1690169742,-30.1811,-50.2056,289.4,2.23
388,Drayton Valley,95,95,CA,1690169742,53.2168,-114.9854,291.92,4.05
389,Mandalgovi,34,0,MN,1690169742,45.7625,106.2708,296.61,4.04
390,McComb,78,0,US,1690169743,31.2438,-90.4531,297.08,0.0
391,Nova Viçosa,85,14,BR,1690169743,-17.8919,-39.3719,294.78,3.11
392,Kerikeri,75,21,NZ,1690169743,-35.2268,173.9474,287.77,3.36
393,Airway Heights,20,40,US,1690169743,47.6446,-117.5933,306.23,3.6
394,Termas de Río Hondo,47,86,AR,1690169743,-27.4998,-64.8604,286.88,1.85
395,Romilly-sur-Seine,71,97,FR,1690169743,48.5108,3.7263,291.36,4.63
396,Ulsan,68,95,KR,1690169744,35.5372,129.3167,303.11,5.3
397,New Glasgow,96,11,CA,1690169653,45.5834,-62.6486,294.14,2.5
398,Pimentel,83,20,PE,1690169744,-6.8367,-79.9342,295.31,4.12
399,Cut Off,94,0,US,1690169744,29.5427,-90.3381,300.37,0.0
400,Champerico,83,100,GT,1690169744,14.3,-91.9167,300.0,1.7
401,Tympaki,36,0,GR,1690169745,35.0729,24.7685,303.83,2.93
402,Bubaque,82,100,GW,1690169745,11.2833,-15.8333,299.91,3.42
403,Pico Truncado,71,12,AR,1690169745,-46.7949,-67.9573,271.13,3.83
404,Correntina,64,80,BR,1690169745,-13.3433,-44.6367,293.82,1.94
405,Belaya Kholunitsa,75,99,RU,1690169745,58.84,50.8528,289.95,2.73
406,Sergeevka,55,5,KZ,1690169746,53.88,67.4158,294.25,4.23
407,Tkuarchal,97,100,GE,1690169746,42.8404,41.6801,295.14,0.34
408,Cobija,54,2,BO,1690169746,-11.0267,-68.7692,296.02,0.26
409,Beas de Segura,30,65,ES,1690169746,38.2524,-2.8888,297.23,2.19
410,Hot Springs Village,82,38,US,1690169746,34.6655,-93.01,297.52,1.76
411,Dunedin,97,97,NZ,1690169746,-45.8742,170.5036,282.48,1.34
412,Biryusinsk,79,100,RU,1690169747,55.9634,97.8235,291.28,2.38
413,Beau Vallon,88,40,MU,1690169747,-20.4189,57.6953,295.28,4.12
414,Kuito,46,35,AO,1690169747,-12.3833,16.9333,284.56,0.6
415,Mejit,78,49,MH,1690169747,10.2753,170.8646,301.64,7.76
416,Kiffa,73,52,MR,1690169747,16.6166,-11.4045,300.59,9.24
417,Pingliang,43,65,CN,1690169639,35.5392,106.6861,301.04,5.39
418,Puerto Baquerizo Moreno,83,74,EC,1690169748,-0.9,-89.6,297.85,4.78
419,Sai Kung,79,86,CN,1690169748,22.3822,114.2728,305.47,2.47
420,Nikolayevsk-on-Amur,27,100,RU,1690169748,53.1406,140.73,303.06,2.21
421,Cho Dok,64,100,VN,1690169748,10.7,105.1167,303.57,7.41
422,Betio Village,76,49,KI,1690169749,1.358,172.9211,305.17,4.31
423,Grand Falls-Windsor,93,100,CA,1690169749,48.9332,-55.6649,293.99,3.61
424,Tulun,69,100,RU,1690169749,54.5611,100.5792,292.6,2.97
425,Hanover,94,75,DE,1690169749,52.3705,9.7332,292.09,3.09
426,Xilin Hot,32,53,CN,1690169749,43.9667,116.0333,298.29,1.12
427,Conception Bay South,99,96,CA,1690169750,47.4999,-52.9981,294.68,4.43
428,Kamień Pomorski,88,100,PL,1690169750,53.9685,14.7726,291.24,6.05
429,Cabedelo,85,19,BR,1690169750,-6.9811,-34.8339,295.52,5.37
430,Pelabuhanratu,67,46,ID,1690169750,-6.9875,106.5514,301.64,2.5
431,Chuhar Jamali,73,100,PK,1690169750,24.3895,67.9923,303.34,2.79
432,Chełm Śląski,85,100,PL,1690169750,50.1083,19.1955,293.2,2.53
433,Yuli,91,100,NG,1690169751,9.6989,10.2744,296.07,1.04
434,Tofol,84,75,FM,1690169751,5.3248,163.0078,302.03,1.54
435,Kattivākkam,78,100,IN,1690169751,13.2167,80.3167,302.2,5.19
436,Nanpiao,63,27,CN,1690169751,41.0982,120.7479,302.97,3.28
437,Chernyshevskiy,33,26,RU,1690169751,63.0128,112.4714,302.97,2.98
438,Turpan,13,98,CN,1690169752,42.9333,89.1667,313.49,2.95
439,Tidjikja,43,3,MR,1690169752,18.5564,-11.4271,304.31,3.68
440,Alo,98,99,NG,1690169752,7.4178,6.7371,295.69,0.89
441,Antalaha,85,15,MG,1690169752,-14.9003,50.2788,293.63,2.81
442,Maintirano,88,80,MG,1690169752,-18.0667,44.0167,294.53,3.86
443,Kodinsk,39,67,RU,1690169753,58.6881,99.1844,300.59,1.08
444,Bairnsdale,60,24,AU,1690169634,-37.8333,147.6167,289.85,0.89
445,Baker City,41,0,US,1690169526,44.7749,-117.8344,299.59,3.6
446,Amarillo,48,0,US,1690169469,35.222,-101.8313,302.72,1.79
447,Katghora,71,70,IN,1690169753,22.5,82.55,302.41,3.05
448,Joshīmath,80,85,IN,1690169754,30.5667,79.5667,297.26,2.0
449,Khandyga,38,7,RU,1690169754,62.6667,135.6,300.93,1.31
450,Praia da Vitória,94,75,PT,1690169754,38.7333,-27.0667,295.29,4.2
451,São João da Barra,86,1,BR,1690169754,-21.6403,-41.0511,294.51,4.23
452,Ocean City,81,4,US,1690169754,39.2776,-74.5746,298.14,1.79
453,Csenger,68,44,HU,1690169754,47.8358,22.681,289.29,2.78
454,Lillehammer,94,94,NO,1690169755,61.1146,10.4674,283.64,1.19
455,Vallegrande,82,94,BO,1690169755,-18.4897,-64.1069,286.7,1.32
456,Kolokani,73,66,ML,1690169755,13.5728,-8.0339,298.18,1.6
457,Semirara,87,100,PH,1690169755,12.0697,121.3986,299.86,10.82
458,Pôsto Fiscal Rolim de Moura,43,0,BR,1690169756,-13.0833,-62.2667,293.82,0.57
459,Rocha,72,100,UY,1690169546,-34.4833,-54.3333,282.52,3.66
460,Dompu,54,58,ID,1690169756,-8.5356,118.4622,302.92,3.56
461,Nyurba,37,15,RU,1690169756,63.2842,118.3319,304.09,3.17
462,North Shore,86,56,NZ,1690169477,-36.8,174.75,288.62,3.13
463,Poso,60,75,ID,1690169756,-1.3959,120.7524,303.9,1.57
464,Mahalapye,40,11,BW,1690169757,-23.1041,26.8142,287.76,3.16
465,Gerze,73,39,TR,1690169757,41.8036,35.2011,297.33,4.29
466,Nago,76,23,JP,1690169757,26.5881,127.9761,305.39,5.65
467,El Bayadh,12,6,DZ,1690169758,33.6832,1.0193,299.14,7.61
468,Nouadhibou,83,26,MR,1690169758,20.931,-17.0347,295.14,8.23
469,Pakuranga,85,75,NZ,1690169758,-36.8833,174.9167,287.73,5.14
470,Al Ghayzah,82,98,YE,1690169759,16.2079,52.176,299.77,0.59
471,Olds,78,6,CA,1690169759,51.7834,-114.102,296.62,1.54
472,Peace River,52,100,CA,1690169549,56.2501,-117.286,295.32,2.06
473,Middelburg,66,100,ZA,1690169759,-25.7751,29.4648,283.4,2.05
474,Fortuna,100,20,US,1690169760,40.5982,-124.1573,290.34,4.63
475,Talakan,98,100,RU,1690169760,50.3167,130.3667,292.16,4.17
476,Ola,58,80,RU,1690169761,59.5833,151.2833,294.9,5.36
477,Linqiong,85,100,CN,1690169761,30.4159,103.4609,298.05,2.58
478,Joal-Fadiout,81,100,SN,1690169761,14.1667,-16.8333,300.75,2.94
479,Mergen,98,100,CN,1690169761,49.1833,125.2167,290.1,5.72
480,Bayganin,30,19,KZ,1690169762,48.6947,55.8742,299.56,3.58
481,Akureyri,93,100,IS,1690169762,65.6835,-18.0878,283.11,0.0
482,Hadibu,77,100,YE,1690169762,12.65,54.0333,298.43,12.42
483,Ta`ū,73,6,AS,1690169763,-14.2336,-169.5144,299.7,6.24
484,Kokologo,83,52,BF,1690169763,12.1897,-1.8856,297.07,2.78
485,Mendi,79,93,PG,1690169763,-6.1761,143.6513,290.5,2.25
486,Timimoun,9,6,DZ,1690169764,29.2639,0.231,309.36,4.12
487,Nema,92,100,RU,1690169764,57.5067,50.5011,287.77,1.4
488,Kingsville,74,0,US,1690169764,27.5159,-97.8561,303.13,3.09
489,Dzüünharaa,68,3,MN,1690169764,48.8523,106.4579,295.1,3.22
490,Tinajo,73,0,ES,1690169765,29.0788,-13.7081,294.64,4.63
491,Rio Grande,76,98,BR,1690169660,-32.035,-52.0986,287.56,4.4
492,Meulaboh,65,78,ID,1690169765,4.1363,96.1285,302.08,1.46
493,Miguel Ahumada,23,71,MX,1690169766,30.6167,-106.5167,305.36,6.11
494,Yalutorovsk,70,17,RU,1690169766,56.6536,66.3006,292.36,5.55
495,Kayangel,76,99,PW,1690169766,8.0823,134.7173,301.84,6.92
496,Amuñgan,75,72,PH,1690169766,15.3652,119.9582,302.25,2.74
497,Leh,50,21,IN,1690169767,34.1667,77.5833,290.8,2.58
498,Zaozërsk,97,100,RU,1690169767,69.4005,32.4476,282.1,5.79
499,Kasane,70,0,BW,1690169767,-17.8167,25.15,280.2,1.03
500,Wanning,71,60,CN,1690169767,18.8003,110.3967,303.69,2.38
501,Novo Aripuanã,51,6,BR,1690169768,-5.1206,-60.3797,296.53,0.81
502,Massakory,72,39,TD,1690169768,12.996,15.7293,299.11,2.55
503,Parral,25,66,MX,1690169723,26.9333,-105.6667,299.46,4.43
504,Formosa do Rio Preto,62,58,BR,1690169768,-11.0483,-45.1931,293.69,1.87
505,Villa Ocampo,56,83,AR,1690169768,-28.4875,-59.3551,289.5,4.23
506,Villa Zempoala,86,64,MX,1690169769,19.45,-96.4167,300.32,0.81
507,Gaspé,100,20,CA,1690169769,48.8334,-64.4819,290.1,1.54
508,Metlili Chaamba,10,0,DZ,1690169769,32.2667,3.6333,302.67,0.0
509,Mo i Rana,94,100,NO,1690169769,66.3128,14.1428,286.66,0.0
510,Tuy Hoa,55,75,VN,1690169770,13.0833,109.3,305.71,4.2
511,Nogliki,68,95,RU,1690169770,51.8333,143.1667,295.29,2.39
512,Thaba-Tseka,47,81,LS,1690169770,-29.522,28.6084,276.61,2.95
513,Orestiada,84,0,GR,1690169770,41.5911,26.3469,294.37,1.43
514,San José del Guaviare,96,71,CO,1690169771,2.5729,-72.6459,294.83,0.59
515,Port Hedland,20,0,AU,1690169771,-20.3167,118.5667,296.18,10.8
516,Severo-Yeniseyskiy,41,31,RU,1690169771,60.3725,93.0408,299.7,1.11
517,Suining,80,100,CN,1690169771,30.508,105.5733,300.55,4.52
518,Wynyard,72,100,AU,1690169771,-41.0,145.7167,286.48,5.25
519,Beira,100,20,MZ,1690169772,-19.8436,34.8389,289.2,1.54
520,Arauca,100,20,CO,1690169772,7.0847,-70.7591,297.13,1.03
521,Likasi,68,0,CD,1690169772,-10.9814,26.7333,285.67,1.61
522,Azovo,65,0,RU,1690169772,54.6997,73.0237,293.01,4.75
523,Ghat,13,82,LY,1690169772,24.9647,10.1728,301.84,0.41
524,Chiredzi,64,1,ZW,1690169773,-21.05,31.6667,287.36,1.91
525,Baruun-Urt,35,23,MN,1690169773,46.6806,113.2792,298.21,1.75
526,Lüderitz,61,100,NA,1690169773,-26.6481,15.1594,285.96,6.86
527,Carbonear,93,100,CA,1690169773,47.7332,-53.2148,295.06,4.08
528,Chapaev,58,100,KZ,1690169774,50.2,51.1667,295.41,5.81
529,Mahdalynivka,69,4,UA,1690169774,48.921,34.9156,290.06,2.29
530,Vilyuysk,32,13,RU,1690169774,63.7553,121.6247,304.29,4.2
531,Estella-Lizarra,86,100,ES,1690169775,42.6718,-2.0323,290.64,2.69
532,Abashiri,62,75,JP,1690169775,44.0213,144.2697,303.31,2.57
533,Buckhannon,90,0,US,1690169775,38.994,-80.232,292.45,1.54
534,Tobelo,59,28,ID,1690169775,1.7284,128.0095,303.94,5.06
535,Shingū,64,1,JP,1690169775,33.7333,135.9833,302.3,2.84
536,Paphos,41,0,CY,1690169776,34.7667,32.4167,300.03,2.06
537,Ust'-Barguzin,58,63,RU,1690169776,53.45,108.9833,291.66,3.51
538,Masterton,92,98,NZ,1690169776,-40.9597,175.6575,285.31,3.99
539,Jayapura,77,100,ID,1690169776,-2.5333,140.7,303.81,1.83
540,Goulburn,42,0,AU,1690169777,-34.75,149.7167,286.92,1.34
541,Colesberg,53,35,ZA,1690169777,-30.72,25.0972,277.12,3.02
542,Hithadhoo,76,47,MV,1690169777,-0.6,73.0833,301.58,5.16
543,Gunjur,94,75,GM,1690169777,13.2019,-16.7339,299.19,0.0
544,Huancavelica,90,2,PE,1690169778,-12.7667,-74.9833,272.73,0.66
545,Palikir,79,100,FM,1690169778,6.9248,158.1611,302.62,4.12
546,Ingenio La Esperanza,63,0,AR,1690169778,-24.2255,-64.839,289.42,1.51
547,Side,54,0,TR,1690169778,36.7667,31.3885,302.82,6.29
548,Mahabalipuram,67,100,IN,1690169778,12.6264,80.1722,302.18,6.74
549,Holualoa,95,100,US,1690169779,19.6228,-155.9522,300.06,4.63
550,Veselí nad Moravou,88,60,CZ,1690169779,48.9536,17.3765,294.09,1.59
551,Nacala,94,5,MZ,1690169779,-14.5428,40.6728,290.61,3.17
552,Ji’an,64,59,CN,1690169780,27.1172,114.9793,306.14,2.34
553,Rosarito,83,45,MX,1690169780,32.3333,-117.0333,294.95,1.6
554,Nāḩiyat al Fuhūd,11,1,IQ,1690169780,30.9697,46.7228,309.2,5.21
555,Argos,33,0,GR,1690169780,37.6333,22.7333,305.25,1.56
556,Katsuura,67,9,JP,1690169781,35.1333,140.3,300.93,4.29
557,Freetown,88,40,SL,1690169781,8.484,-13.2299,297.99,3.09
558,Bonthe,87,98,SL,1690169781,7.5264,-12.505,297.92,2.96
559,Arkhangelsk,96,100,RU,1690169782,64.5401,40.5433,283.14,1.92
560,Okhotsk,67,10,RU,1690169782,59.3833,143.3,292.93,5.28
561,Eyl,58,68,SO,1690169782,7.9803,49.8164,299.98,11.51
562,Nuuk,87,9,GL,1690169782,64.1835,-51.7216,281.49,5.14
563,Trongsa,97,100,BT,1690169783,27.5026,90.5072,290.39,0.41
564,Ålesund,88,100,NO,1690169783,62.4723,6.1549,287.78,8.23
565,Khorixas,41,5,NA,1690169783,-20.3667,14.9667,288.39,1.1
566,Nabire,60,67,ID,1690169784,-3.3667,135.4833,303.39,2.66
567,Iporá,47,0,BR,1690169784,-16.4419,-51.1178,291.49,2.16
568,Roswell,81,0,US,1690169688,34.0232,-84.3616,299.01,2.06
569,Chamical,39,72,AR,1690169784,-30.36,-66.314,284.26,1.96
570,Selfoss,79,100,IS,1690169785,63.9331,-20.9971,284.29,0.68
571,Nieuw Amsterdam,85,55,SR,1690169785,5.8833,-55.0833,300.38,2.45
572,Altay,21,1,CN,1690169785,47.8667,88.1167,300.01,5.04
573,Tyukalinsk,73,67,RU,1690169786,55.8732,72.1967,292.4,3.55
574,Emerald,71,100,AU,1690169786,-23.5333,148.1667,286.67,7.23
575,Kuressaare,95,58,EE,1690169786,58.2481,22.5039,288.68,0.89
576,Kavaratti,80,100,IN,1690169786,10.5669,72.642,301.2,9.11
577,Aasiaat,99,100,GL,1690169787,68.7098,-52.8699,275.93,2.74
578,Laguna,36,0,US,1690169787,38.421,-121.4238,305.59,4.12
579,Luorong,61,93,CN,1690169787,24.4058,109.6086,305.7,2.78
580,Caleta de Carquín,84,9,PE,1690169787,-11.0925,-77.6267,292.4,4.72
581,Zhangatas,14,0,KZ,1690169787,43.5667,69.75,306.23,6.26
582,Jabor,79,78,MH,1690169788,5.921,169.6434,301.48,6.83
583,Provincia di Matera,38,14,IT,1690169788,40.5,16.4167,298.92,1.06
584,Merca,82,62,SO,1690169788,1.7159,44.7717,297.94,6.16
585,Were Īlu,84,100,ET,1690169788,10.6,39.4333,285.55,0.32
586,Roschinskiy,82,39,RU,1690169789,53.2669,40.0039,288.56,2.62
587,Mamuju,64,64,ID,1690169789,-2.6748,118.8885,303.37,2.55
588,Hafar Al-Batin,16,0,SA,1690169789,28.4328,45.9708,304.47,0.0
589,Trenggalek,100,49,ID,1690169790,-8.05,111.7167,301.9,2.39
590,Lucea,82,0,JM,1690169790,18.451,-78.1736,302.07,4.73
591,Tuburan,69,74,PH,1690169790,6.6439,122.2736,303.2,4.38
592,Luleå,100,100,SE,1690169790,65.5842,22.1547,285.19,2.57
593,Bongor,86,91,TD,1690169790,10.2806,15.3722,296.2,2.4
594,Kolonia Town,79,100,FM,1690169791,6.964,158.206,303.21,4.12
595,Mount Gambier,65,80,AU,1690169791,-37.8333,140.7667,287.17,3.51
596,Mathba,64,100,BD,1690169791,22.2855,89.9629,304.77,4.4
597,Berdigestyakh,32,9,RU,1690169792,62.0989,126.6992,304.02,3.23
598,Bomdila,85,100,IN,1690169792,27.25,92.4,292.16,2.03
599,Malpica,95,96,ES,1690169792,43.3228,-8.8105,290.24,2.64
600,Yambio,88,68,SS,1690169792,4.5721,28.3955,292.88,1.24
601,Griffith,78,0,US,1690169792,41.5284,-87.4237,297.62,0.0
602,Auki,94,100,SB,1690169793,-8.7676,160.7034,297.34,0.38
603,Masvingo,54,1,ZW,1690169793,-20.0637,30.8277,284.53,2.02
604,Tocopilla,77,17,CL,1690169793,-22.092,-70.1979,290.01,0.77
605,Cold Lake,78,75,CA,1690169793,54.4502,-110.2017,295.12,3.09
606,Kizlyar,53,13,RU,1690169794,43.8469,46.715,299.91,2.03
607,Kaiyuan,58,83,CN,1690169794,23.6977,103.3037,300.85,2.08
608,Kalajoki,98,100,FI,1690169794,64.25,23.95,288.1,1.31
609,Kirkland Lake,94,96,CA,1690169794,48.1446,-80.0377,289.31,0.51
610,Sirte,76,0,LY,1690169794,31.2089,16.5887,300.23,0.65
611,Carnarvon,29,0,AU,1690169522,-24.8667,113.6333,294.91,7.1
